{
    "epoch": 4.948453608247423,
    "total_flos": 7.846383411265536e+16,
    "train_loss": 0.7774592893819015,
    "train_runtime": 2304.296,
    "train_samples_per_second": 1.684,
    "train_steps_per_second": 0.052
}